-- 密碼統一為: password123 (hashed: ef92b778bafe771e89245b89ecbc08a44a4e166c06659911881f383d4473e94f)
DELETE FROM listings;
DELETE FROM materials;
DELETE FROM votes;
DELETE FROM answers;
DELETE FROM questions;
DELETE FROM messages;
DELETE FROM users;

INSERT INTO users (id, username, email, password_hash) VALUES 
(1, 'GamerMaster', 'gamer@test.com', 'ef92b778bafe771e89245b89ecbc08a44a4e166c06659911881f383d4473e94f'),
(2, 'ZeldaFan', 'zelda@test.com', 'ef92b778bafe771e89245b89ecbc08a44a4e166c06659911881f383d4473e94f'),
(3, '君莫笑', 'yexiu@glory.com', 'ef92b778bafe771e89245b89ecbc08a44a4e166c06659911881f383d4473e94f'),
(4, '一葉之秋', 'sunxiang@glory.com', 'ef92b778bafe771e89245b89ecbc08a44a4e166c06659911881f383d4473e94f'),
(5, '夜雨聲煩', 'huang@glory.com', 'ef92b778bafe771e89245b89ecbc08a44a4e166c06659911881f383d4473e94f'),
(6, '王不留行', 'wang@glory.com', 'ef92b778bafe771e89245b89ecbc08a44a4e166c06659911881f383d4473e94f'),
(7, '大漠孤煙', 'han@glory.com', 'ef92b778bafe771e89245b89ecbc08a44a4e166c06659911881f383d4473e94f'),
(8, '索克薩爾', 'yu@glory.com', 'ef92b778bafe771e89245b89ecbc08a44a4e166c06659911881f383d4473e94f'),
(9, '沐雨橙風', 'su@glory.com', 'ef92b778bafe771e89245b89ecbc08a44a4e166c06659911881f383d4473e94f'),
(10, '百花撩亂', 'zhang@glory.com', 'ef92b778bafe771e89245b89ecbc08a44a4e166c06659911881f383d4473e94f'),
(11, '生靈滅', 'xiao@glory.com', 'ef92b778bafe771e89245b89ecbc08a44a4e166c06659911881f383d4473e94f'),
(12, '石不轉', 'xinjie@glory.com', 'ef92b778bafe771e89245b89ecbc08a44a4e166c06659911881f383d4473e94f');

INSERT INTO questions (id, title, content, user_id, game_tag, vote_count, answer_count, is_solved) VALUES 
(1, '【獨家】神之領域全隱藏BOSS觸發條件解析', '這是我花了一個月測試出來的神之領域所有隱藏BOSS的觸發時間與條件，包括暗夜巨龍與混沌惡魔，絕對獨家！\n\n如果這篇文章對你有幫助，請幫我點個讚！', 3, '神之領域情報', 105000, 3, 0),
(2, '戰鬥法師75級大招「伏龍翔天」龍抬頭操作指南', '很多人問龍抬頭怎麼打出來，其實重點在於滑鼠甩動的瞬間和微操的配合。這裡錄製了一段放慢動作的影片解說，大家可以參考看看。', 4, '神之領域情報', 62000, 2, 0),
(3, '劍客走位技巧與文字泡心理戰術', '劍客不只要劍快，文字泡也要夠快！這是一門藝術，用無數的文字淹沒對手的視野，在他們心煩意亂的時候給予致命一擊。有沒有人想學？', 5, '公會戰', 28000, 2, 0),
(4, '魔道學者「魔術師」打法基礎教學', '魔術師打法雖然已經很久沒在正式賽場上用了，但在野外PVP或是公會戰中依然有奇效，重點在於不可預測的飛行軌跡。', 6, '神之領域情報', 18000, 1, 0),
(5, '拳法家霸王拳極限傷害配裝', '追求極致的爆發，不需要任何防禦，只要一拳能秒殺對手就夠了。這套裝備是目前版本理論上傷害最高的配置。', 7, '神之領域情報', 12000, 1, 0),
(6, '術士控制流競技場上分攻略', '如何在地圖上佈置無死角的暗影陷阱？六星光牢的釋放時機判斷。只要學會這套，競技場勝率保證提升。', 8, '神之領域情報', 6000, 1, 0),
(7, '槍砲師超遠距離狙擊點位分享（鐵血要塞）', '鐵血要塞有幾個非常隱蔽的高台，只要火力壓制得當，一個人就能守住一條路線。', 9, '野圖boss', 2500, 0, 0),
(8, '彈藥專家百花式打法光影效果測試', '想請問目前的顯示卡設定，光影效果開到哪個等級最能干擾敵人的視線又不會讓自己卡頓？', 10, '公會戰', 800, 1, 1),
(9, '機械師自爆機器人海戰術可行性', '如果一瞬間召喚出50隻追蹤機器人同時自爆，這傷害能秒殺周本BOSS嗎？', 11, '周本boss', 300, 1, 0),
(10, '牧師站位與全團血量計算公式', '身為一個牧師，絕對不能犯錯。這裡整理了精確到小數點第二位的全團承傷計算模型，歡迎各位同行參考。', 12, '神之領域情報', 150, 0, 0),
(11, '這週的災厄之龍周本boss怎麼打？', '每次進到P2階段全場AOE都被秒殺，請問奶媽應該什麼時候開大？', 2, '周本boss', 5, 1, 1),
(12, '死亡沙漠野圖boss重生時間', '請問有人知道死亡沙漠那隻沙蟲王多久重生一次嗎？', 1, '野圖boss', 3, 0, 0);

INSERT INTO answers (id, content, question_id, user_id, vote_count, is_accepted) VALUES 
(1, '太神啦！這份資料真的是無價之寶，感謝大神無私分享！我們公會正需要這個。', 1, 6, 1200, 0),
(2, '呵呵，雖然寫得很詳細，但真正能打過那些BOSS的又有幾個呢？實力才是硬道理。', 1, 7, 500, 0),
(3, '看這操作，不愧是一葉之秋，龍抬頭的弧度堪稱完美。', 2, 3, 3500, 0),
(4, '煩死了煩死了煩死了！劍客的精髓才不是只有文字泡！快點來競技場跟我單挑PKPKPKPKPKPKPKPK！', 3, 5, 8000, 0),
(5, '樓上你吵死了。不過這心理戰術確實有點東西。', 3, 8, 2000, 0),
(6, '魔術師打法太吃天賦了，一般人學不來，還是乖乖練常規打法吧。', 4, 3, 1500, 0),
(7, '勇往直前，絕不退縮。這就是拳法家。', 5, 7, 800, 0),
(8, '六星光牢的延遲時間大概是0.5秒，必須預判對手的走位。', 6, 8, 400, 0),
(9, '百花式打法的重點在於節奏，光影只是輔助，不要本末倒置了。', 8, 10, 120, 1),
(10, '理論上可以，但伺服器可能會先卡死。', 9, 3, 850, 0),
(11, 'P2階段王飛上去的時候，奶媽就要開始預備群補了。建議全員都要撐一點暗抗，否則就算補滿也很容易被秒。', 11, 12, 150, 1);

-- 素材資料（根據全職高手榮耀遊戲設定）
INSERT INTO materials (id, name, category, description, rarity, drop_source) VALUES
(1, '沙蟲王的甲殼', '野外boss素材', '死亡沙漠沙蟲王身上的硬質外殼，質地堅硬如鋼鐵，是製作高階防具的頂級材料。', '稀有', '死亡沙漠・沙蟲王'),
(2, '霜狼首領的狼牙', '野外boss素材', '極地雪原霜狼首領的獠牙，常年在冰雪中磨礪，鋒利程度超越一般金屬鑄造的武器。', '稀有', '極地雪原・霜狼首領'),
(3, '幽靈騎士的破碎盔甲', '野外boss素材', '鐵血要塞外圍幽靈騎士殘留的盔甲碎片，附有強烈的不死魔力，鍛造師夢寐以求的素材。', '史詩', '鐵血要塞外圍・幽靈騎士'),
(4, '暗夜巨龍的龍鱗', '野外boss素材', '只在子夜現身的暗夜巨龍身上的龍鱗，全服目前首殺紀錄僅有三次，極為稀少。', '傳說', '暗影城外圍・暗夜巨龍'),
(5, '森林巨人的心臟', '野外boss素材', '翡翠谷深處森林巨人的心臟，內含龐大的自然魔力，是合成頂級魔法裝備的核心材料之一。', '史詩', '翡翠谷深處・森林巨人'),
(6, '災厄之龍的龍晶', '周本稀有材料', '災厄之龍體內凝聚千年的魔力結晶，散發著深紅色光芒。每周限量產出，是全服最搶手的素材之一。', '傳說', '周本・災厄之龍'),
(7, '深淵領主的封印石', '周本稀有材料', '封印深淵領主力量的石板碎片，上面刻有古代魔法文字，只有每週挑戰深淵秘境才有機會獲得。', '史詩', '周本・深淵秘境'),
(8, '聖域守護者的羽毛', '周本稀有材料', '神之禁地入口守護者身上的金色羽毛，據說持有者能感受到來自遠古神靈的庇護。', '史詩', '周本・神之禁地前廳'),
(9, '混沌惡魔的核心', '周本稀有材料', '混沌次元裂縫中的惡魔核心，內部能量極度不穩定，是合成混沌屬性武器的必要材料。', '傳說', '周本・混沌次元裂縫'),
(10, '冰封古龍的凍晶', '周本稀有材料', '沉眠千年的冰封古龍體內的冰晶，溫度極低，據說握在手中連時間都會凝固。', '史詩', '周本・極北冰窟'),
(11, '極光碎片', '地圖探索素材', '極光森林中隱藏寶箱才能取得的神秘碎片，散發柔和光芒，是合成極光系列裝備的核心素材。', '稀有', '極光森林・隱藏寶箱'),
(12, '星落村古幣', '地圖探索素材', '星落村廢棄礦坑深處發現的古代金幣，正面刻有早已消失的王朝徽記，收藏價值極高。', '普通', '星落村・廢棄礦坑'),
(13, '黑袍使者的殘章', '地圖探索素材', '王城地下水道神秘黑袍NPC身上掉落的羊皮紙殘頁，上面記載著某個未解開的隱藏任務線索。', '史詩', '王城地下水道・神秘NPC'),
(14, '落日峽谷的隕石碎片', '地圖探索素材', '傳說中數百年前墜落在落日峽谷的隕石殘骸，含有地球上找不到的特殊礦物成分。', '稀有', '落日峽谷・隕石坑'),
(15, '古代遺址的破損地圖', '地圖探索素材', '神之禁地外圍古代遺址中發現的地圖殘片，據說拼湊完整後能指引通往傳說寶藏的道路。', '史詩', '神之領域・古代遺址'),
(16, '神之礦脈精鐵', '特殊資源點素材', '神之領域深處特殊礦脈才能採集到的頂級鐵礦，純度遠超普通礦石，是鍛造神器級武器的基礎材料。', '稀有', '神之領域・深層礦脈'),
(17, '萬年靈芝', '特殊資源點素材', '翡翠谷最深處岩壁上生長的靈芝，需要千年以上才能成熟，服用後能大幅提升角色基礎屬性。', '史詩', '翡翠谷・深層岩壁'),
(18, '魔力水晶原石', '特殊資源點素材', '星辰廣場附近礦坑中蘊含魔力的天然水晶，是法師職業合成頂級法杖的必備材料。', '稀有', '星辰廣場・魔力礦坑'),
(19, '龍脊山火焰寶石', '特殊資源點素材', '龍脊山火山地形中才能採集到的天然寶石，內部封存著岩漿的熱能，是火屬性裝備強化的頂級素材。', '傳說', '龍脊山・火山地形'),
(20, '幻夢之湖的月光石', '特殊資源點素材', '幻夢之湖水底深處的特殊礦石，只在月圓之夜才會浮現水面，持有者據說能看穿幻術。', '史詩', '幻夢之湖・湖底深處');

INSERT INTO listings (material_id, seller_id, price, quantity, type, description) VALUES
(6, 3, 85000, 2, '出售', '千機傘升級缺錢，忍痛割愛兩顆龍晶，先搶先贏。'),
(4, 3, 200000, 1, '收購', '高價收購暗夜巨龍龍鱗，有的直接密我，不廢話。'),
(1, 5, 1500, 20, '出售', '刷了一整晚的沙蟲，甲殼大特價啦！快來買快來買快來買！'),
(9, 6, 120000, 1, '出售', '微草堂出品，品質保證。'),
(10, 7, 95000, 1, '收購', '霸圖公會長期收購冰晶，價格好談。'),
(12, 10, 500, 99, '出售', '整理倉庫清出的一堆古幣，適合收藏家，打包帶走算你便宜。'),
(7, 8, 75000, 3, '出售', '藍雨戰隊後勤部釋出資源，欲購從速。'),
(19, 9, 150000, 1, '收購', '急需火焰寶石強化重火器，拜託各位大神割愛。'),
(11, 4, 3000, 15, '出售', '極光碎片，一葉之秋強力推薦！'),
(17, 12, 50000, 5, '出售', '精確計算過產出率，目前市場價格偏低，這批賣完就沒了。'),
(8, 11, 45000, 2, '收購', '研發新式無人機需要聖域羽毛，歡迎帶價私訊。');

INSERT INTO messages (sender_id, receiver_id, content, is_read) VALUES
(5, 3, '老葉你那兩顆龍晶能便宜點賣我嗎？我最近窮到快要吃土了！拜託啦拜託啦拜託啦！', 0),
(3, 5, '不賣，滾。', 0),
(9, 3, '聽說你最近在收龍鱗？我這裡剛好打到一片，明天見面拿給你。', 0),
(6, 3, '關於千機傘的設計，我有一些新的想法，有空來微草切磋一下？', 0);